IP Address,Port,Code,Country,Anonymity,Google,Https,Last Checked
125.16.18.182,80,IN,India,anonymous,no,no,1 minute ago
43.252.73.100,53557,ID,Indonesia,transparent,no,no,1 minute ago
51.38.123.159,8000,FR,France,anonymous,no,no,1 minute ago
103.139.9.178,8080,BD,Bangladesh,anonymous,no,no,1 minute ago
103.126.149.153,8080,BD,Bangladesh,anonymous,no,no,1 minute ago
46.105.191.85,80,FR,France,anonymous,no,no,1 minute ago
14.207.97.252,8213,TH,Thailand,anonymous,no,no,1 minute ago
110.168.24.95,8213,TH,Thailand,anonymous,no,no,1 minute ago
60.251.33.225,80,TW,Taiwan,anonymous,no,no,1 minute ago
45.188.156.154,8080,BR,Brazil,anonymous,no,no,1 minute ago
125.25.72.86,8213,TH,Thailand,anonymous,no,no,1 minute ago
180.211.183.178,32009,BD,Bangladesh,elite proxy,no,no,1 minute ago
118.174.220.32,51399,TH,Thailand,elite proxy,no,no,1 minute ago
102.164.203.237,36775,ZA,South Africa,elite proxy,no,no,1 minute ago
45.221.73.70,52904,UG,Uganda,elite proxy,no,no,1 minute ago
188.235.107.7,60205,RU,Russian Federation,elite proxy,no,no,1 minute ago
187.111.176.193,8080,BR,Brazil,elite proxy,no,no,1 minute ago
132.255.34.24,31568,BR,Brazil,elite proxy,no,no,1 minute ago
181.191.106.123,43716,BR,Brazil,elite proxy,no,no,1 minute ago
101.255.103.201,53281,ID,Indonesia,elite proxy,no,no,1 minute ago
186.46.222.226,59765,EC,Ecuador,elite proxy,no,no,1 minute ago
195.209.131.19,52768,RU,Russian Federation,elite proxy,no,no,1 minute ago
14.98.113.169,44383,IN,India,elite proxy,no,no,1 minute ago
12.218.209.130,53281,US,United States,elite proxy,no,no,1 minute ago
37.111.42.210,8080,MM,Myanmar,elite proxy,no,yes,1 minute ago
119.15.82.222,37790,KH,Cambodia,elite proxy,no,no,1 minute ago
91.187.113.205,53281,AL,Albania,elite proxy,no,yes,1 minute ago
180.252.181.2,80,ID,Indonesia,elite proxy,no,no,1 minute ago
91.211.107.204,41258,RU,Russian Federation,elite proxy,no,no,1 minute ago
58.162.229.173,51536,AU,Australia,elite proxy,no,no,1 minute ago
37.123.222.124,8080,RU,Russian Federation,elite proxy,no,no,1 minute ago
103.242.44.80,8080,MN,Mongolia,elite proxy,no,no,1 minute ago
94.229.32.86,3128,SK,Slovakia,elite proxy,no,no,1 minute ago
209.97.159.125,80,US,United States,anonymous,no,no,2 minutes ago
12.139.101.100,80,US,United States,anonymous,no,no,2 minutes ago
103.28.121.58,3128,BD,Bangladesh,anonymous,no,yes,2 minutes ago
165.227.202.9,80,US,United States,anonymous,no,no,2 minutes ago
83.168.86.1,8090,PL,Poland,elite proxy,no,no,2 minutes ago
91.230.199.174,34333,UA,Ukraine,elite proxy,no,no,2 minutes ago
181.117.176.236,61358,AR,Argentina,elite proxy,no,yes,2 minutes ago
34.106.52.165,3128,US,United States,anonymous,no,no,2 minutes ago
129.226.77.75,10000,SG,Singapore,elite proxy,no,yes,2 minutes ago
173.249.24.52,3128,DE,Germany,anonymous,no,no,2 minutes ago
41.65.146.38,8080,EG,Egypt,anonymous,no,yes,2 minutes ago
36.89.8.235,8080,ID,Indonesia,elite proxy,no,no,2 minutes ago
167.86.126.167,3128,DE,Germany,anonymous,no,no,2 minutes ago
210.56.245.77,8080,AU,Australia,elite proxy,no,no,2 minutes ago
86.57.177.8,39217,BY,Belarus,elite proxy,no,yes,2 minutes ago
45.225.188.94,60339,BR,Brazil,elite proxy,no,no,2 minutes ago
41.215.39.29,80,KE,Kenya,anonymous,no,no,2 minutes ago
196.3.97.34,23500,MZ,Mozambique,elite proxy,no,no,2 minutes ago
188.40.183.185,1080,DE,Germany,elite proxy,no,yes,2 minutes ago
182.160.117.130,53281,BD,Bangladesh,elite proxy,no,no,2 minutes ago
103.116.118.133,52156,BD,Bangladesh,elite proxy,no,no,2 minutes ago
212.42.113.240,37545,KG,Kyrgyzstan,elite proxy,no,yes,2 minutes ago
178.47.141.128,48161,RU,Russian Federation,elite proxy,no,yes,2 minutes ago
43.248.24.158,51166,ID,Indonesia,elite proxy,no,yes,2 minutes ago
162.249.248.218,53281,US,United States,elite proxy,no,no,2 minutes ago
58.176.150.177,80,HK,Hong Kong,anonymous,no,no,2 minutes ago
180.250.153.130,53281,ID,Indonesia,elite proxy,no,no,2 minutes ago
85.175.216.32,53281,RU,Russian Federation,elite proxy,no,no,2 minutes ago
176.62.185.72,50457,RU,Russian Federation,elite proxy,no,yes,2 minutes ago
111.220.90.41,40938,AU,Australia,elite proxy,no,yes,2 minutes ago
200.60.79.11,53281,PE,Peru,elite proxy,no,yes,2 minutes ago
95.170.200.150,8080,IQ,Iraq,elite proxy,no,yes,2 minutes ago
92.55.59.38,51250,RU,Russian Federation,elite proxy,no,yes,2 minutes ago
178.57.89.142,54749,RU,Russian Federation,anonymous,no,yes,3 minutes ago
88.198.33.232,1080,DE,Germany,elite proxy,no,yes,3 minutes ago
41.217.218.20,33865,MW,Malawi,elite proxy,no,yes,3 minutes ago
91.226.5.245,49576,UA,Ukraine,anonymous,no,yes,3 minutes ago
187.45.13.190,54963,BR,Brazil,elite proxy,no,yes,3 minutes ago
36.89.165.89,43139,ID,Indonesia,elite proxy,no,yes,3 minutes ago
43.252.18.140,54561,KH,Cambodia,elite proxy,no,yes,3 minutes ago
84.42.247.101,3128,CZ,Czech Republic,elite proxy,no,yes,3 minutes ago
188.165.16.230,3129,FR,France,elite proxy,no,yes,3 minutes ago
94.73.234.169,55443,RU,Russian Federation,elite proxy,no,yes,3 minutes ago
85.10.219.101,1080,DE,Germany,elite proxy,no,yes,3 minutes ago
187.111.160.8,42579,BR,Brazil,elite proxy,no,yes,3 minutes ago
5.15.27.170,8080,RO,Romania,elite proxy,no,yes,3 minutes ago
190.144.118.106,59562,CO,Colombia,elite proxy,no,yes,3 minutes ago
95.168.96.42,34273,HR,Croatia,elite proxy,no,yes,3 minutes ago
195.158.109.248,50330,MT,Malta,elite proxy,no,yes,3 minutes ago
91.211.122.94,46406,UA,Ukraine,elite proxy,no,yes,3 minutes ago
144.76.214.156,1080,DE,Germany,elite proxy,no,yes,3 minutes ago
180.246.205.208,30961,ID,Indonesia,elite proxy,no,yes,3 minutes ago
144.76.214.152,1080,DE,Germany,elite proxy,no,yes,3 minutes ago
200.89.99.30,58735,CO,Colombia,elite proxy,no,yes,3 minutes ago
177.12.80.50,50556,BR,Brazil,anonymous,no,yes,3 minutes ago
36.67.66.202,55638,ID,Indonesia,elite proxy,no,yes,3 minutes ago
213.154.0.120,53281,AZ,Azerbaijan,elite proxy,no,yes,3 minutes ago
36.37.180.59,65205,KH,Cambodia,anonymous,no,yes,3 minutes ago
103.240.161.108,6666,IN,India,elite proxy,no,yes,3 minutes ago
78.38.115.212,61461,IR,Iran,elite proxy,no,yes,3 minutes ago
187.188.175.251,42305,MX,Mexico,anonymous,no,yes,3 minutes ago
1.20.99.44,32119,TH,Thailand,anonymous,no,yes,3 minutes ago
94.230.156.143,55167,CZ,Czech Republic,elite proxy,no,yes,3 minutes ago
3.95.11.66,3128,US,United States,anonymous,no,yes,3 minutes ago
45.182.156.236,52668,BR,Brazil,elite proxy,no,yes,3 minutes ago
78.130.145.167,39825,BG,Bulgaria,elite proxy,no,yes,3 minutes ago
186.42.186.202,56569,EC,Ecuador,elite proxy,no,yes,3 minutes ago
103.199.157.133,40052,IN,India,elite proxy,no,yes,3 minutes ago
61.7.173.126,8080,TH,Thailand,transparent,no,no,3 minutes ago
190.119.187.194,8080,PE,Peru,transparent,no,no,4 minutes ago
36.90.123.204,8080,ID,Indonesia,transparent,no,no,4 minutes ago
180.245.217.77,8080,ID,Indonesia,transparent,no,no,4 minutes ago
191.102.93.30,999,CO,Colombia,transparent,no,no,4 minutes ago
163.53.206.145,8080,IN,India,transparent,no,no,4 minutes ago
58.8.143.129,8080,TH,Thailand,transparent,no,no,4 minutes ago
125.26.0.103,8080,TH,Thailand,transparent,no,no,4 minutes ago
118.97.36.21,8080,ID,Indonesia,transparent,no,no,4 minutes ago
187.18.125.34,3128,BR,Brazil,transparent,no,no,4 minutes ago
45.172.108.50,9991,AR,Argentina,transparent,no,no,4 minutes ago
180.250.85.204,8181,ID,Indonesia,transparent,no,no,4 minutes ago
5.200.79.139,8080,IR,Iran,transparent,no,no,4 minutes ago
185.187.197.107,8080,RU,Russian Federation,transparent,no,no,4 minutes ago
190.122.186.201,8080,GT,Guatemala,transparent,no,no,4 minutes ago
62.210.75.132,80,FR,France,elite proxy,no,no,11 minutes ago
95.104.54.227,42119,GE,Georgia,elite proxy,no,no,11 minutes ago
95.211.162.42,80,NL,Netherlands,anonymous,no,no,11 minutes ago
220.247.174.13,32355,ID,Indonesia,elite proxy,no,no,11 minutes ago
162.251.158.207,59830,PR,Puerto Rico,elite proxy,no,no,11 minutes ago
80.106.247.145,53410,GR,Greece,elite proxy,no,no,11 minutes ago
1.20.101.46,54381,TH,Thailand,elite proxy,no,no,11 minutes ago
175.139.179.65,51460,MY,Malaysia,elite proxy,no,no,11 minutes ago
191.102.123.150,53408,CO,Colombia,elite proxy,no,no,11 minutes ago
112.133.214.244,80,IN,India,anonymous,no,no,11 minutes ago
167.86.92.107,3128,DE,Germany,anonymous,no,no,11 minutes ago
188.226.141.211,3128,NL,Netherlands,anonymous,no,no,11 minutes ago
193.193.240.37,45944,KZ,Kazakhstan,elite proxy,no,no,11 minutes ago
46.146.209.132,61309,RU,Russian Federation,elite proxy,no,no,11 minutes ago
103.209.89.66,8080,IN,India,transparent,no,no,11 minutes ago
212.220.216.70,8080,RU,Russian Federation,anonymous,no,no,11 minutes ago
45.77.65.24,3128,DE,Germany,anonymous,no,no,11 minutes ago
191.242.182.132,8081,BR,Brazil,elite proxy,no,yes,11 minutes ago
155.93.108.170,37414,NG,Nigeria,elite proxy,no,no,11 minutes ago
117.197.99.115,80,IN,India,anonymous,no,no,11 minutes ago
159.203.61.169,3128,CA,Canada,anonymous,no,no,11 minutes ago
103.14.198.14,84,IN,India,transparent,no,no,11 minutes ago
92.222.180.156,8080,FR,France,anonymous,no,no,11 minutes ago
103.43.203.225,53281,IN,India,elite proxy,no,no,11 minutes ago
139.162.78.109,3128,JP,Japan,anonymous,no,no,11 minutes ago
154.16.202.22,8080,DE,Germany,anonymous,no,no,11 minutes ago
134.209.29.120,3128,GB,United Kingdom,anonymous,no,no,11 minutes ago
117.197.99.117,80,IN,India,anonymous,no,no,11 minutes ago
188.226.141.61,3128,NL,Netherlands,anonymous,no,no,11 minutes ago
173.212.202.65,80,DE,Germany,elite proxy,no,no,11 minutes ago
77.94.112.234,32222,RU,Russian Federation,elite proxy,no,yes,11 minutes ago
128.199.202.122,3128,SG,Singapore,anonymous,no,no,11 minutes ago
218.161.36.89,53438,TW,Taiwan,elite proxy,no,no,11 minutes ago
182.75.249.98,16538,IN,India,elite proxy,no,no,11 minutes ago
165.227.43.101,3128,CA,Canada,anonymous,no,no,11 minutes ago
188.165.141.114,3129,FR,France,elite proxy,no,no,11 minutes ago
128.199.179.30,42342,SG,Singapore,elite proxy,no,no,11 minutes ago
117.212.194.240,39470,IN,India,elite proxy,no,no,11 minutes ago
163.172.182.180,1234,GB,United Kingdom,elite proxy,no,yes,11 minutes ago
139.59.1.14,3128,IN,India,anonymous,no,no,11 minutes ago
161.35.70.249,8080,DE,Germany,anonymous,no,no,11 minutes ago
43.227.129.65,83,IN,India,transparent,no,no,11 minutes ago
191.252.100.178,80,BR,Brazil,anonymous,no,no,11 minutes ago
217.69.10.129,32401,FR,France,elite proxy,no,yes,11 minutes ago
197.210.217.66,40498,NG,Nigeria,elite proxy,no,no,11 minutes ago
176.9.75.42,8080,DE,Germany,anonymous,no,no,11 minutes ago
138.197.157.32,8080,CA,Canada,anonymous,no,no,11 minutes ago
82.200.233.4,3128,KZ,Kazakhstan,elite proxy,no,yes,11 minutes ago
102.176.160.70,61279,GN,Guinea,elite proxy,no,no,11 minutes ago
128.199.238.162,44344,SG,Singapore,elite proxy,no,no,11 minutes ago
66.97.43.62,80,AR,Argentina,anonymous,no,no,11 minutes ago
120.89.61.137,8080,PH,Philippines,elite proxy,no,yes,11 minutes ago
109.251.185.20,41616,UA,Ukraine,elite proxy,no,yes,11 minutes ago
177.155.128.37,80,BR,Brazil,anonymous,no,yes,11 minutes ago
117.197.99.118,80,IN,India,anonymous,no,no,11 minutes ago
92.247.2.26,21231,BG,Bulgaria,elite proxy,no,no,11 minutes ago
179.40.75.1,38736,AR,Argentina,elite proxy,no,no,11 minutes ago
176.28.124.83,8080,ES,Spain,elite proxy,no,no,11 minutes ago
89.251.70.61,38408,RU,Russian Federation,elite proxy,no,yes,11 minutes ago
192.99.244.148,8080,CA,Canada,anonymous,no,no,11 minutes ago
167.71.5.83,8080,NL,Netherlands,anonymous,no,no,11 minutes ago
88.198.50.103,8080,DE,Germany,anonymous,no,no,11 minutes ago
203.202.245.62,80,BD,Bangladesh,anonymous,no,no,11 minutes ago
203.150.179.184,8080,TH,Thailand,transparent,no,no,11 minutes ago
88.198.24.108,8080,DE,Germany,anonymous,no,no,11 minutes ago
195.239.115.106,44413,RU,Russian Federation,elite proxy,no,yes,11 minutes ago
103.239.254.114,32325,BD,Bangladesh,elite proxy,no,no,11 minutes ago
46.4.96.137,3128,DE,Germany,anonymous,no,no,11 minutes ago
182.71.90.202,53267,IN,India,elite proxy,no,yes,11 minutes ago
185.189.199.75,23500,BG,Bulgaria,elite proxy,no,no,11 minutes ago
80.187.140.26,8080,DE,Germany,anonymous,no,yes,11 minutes ago
5.189.133.231,80,DE,Germany,elite proxy,no,no,11 minutes ago
168.228.51.197,30188,CR,Costa Rica,elite proxy,no,no,11 minutes ago
176.9.119.170,8080,DE,Germany,anonymous,no,no,11 minutes ago
103.89.233.197,83,IN,India,transparent,no,no,11 minutes ago
182.16.246.4,8080,ID,Indonesia,anonymous,no,no,11 minutes ago
103.252.117.230,3128,IN,India,elite proxy,no,yes,11 minutes ago
200.255.122.170,8080,BR,Brazil,anonymous,no,yes,11 minutes ago
117.197.99.113,80,IN,India,anonymous,no,no,11 minutes ago
5.252.161.48,8080,GB,United Kingdom,anonymous,no,no,11 minutes ago
145.239.81.69,8080,PL,Poland,anonymous,no,no,11 minutes ago
113.53.230.167,80,TH,Thailand,anonymous,no,no,11 minutes ago
137.74.35.119,8080,FR,France,elite proxy,no,no,11 minutes ago
188.166.83.17,3128,NL,Netherlands,anonymous,no,no,11 minutes ago
37.57.216.2,2222,UA,Ukraine,elite proxy,no,yes,11 minutes ago
207.154.231.213,8080,DE,Germany,anonymous,no,no,11 minutes ago
193.110.78.143,8080,UA,Ukraine,elite proxy,no,yes,11 minutes ago
181.118.167.104,80,CL,Chile,elite proxy,no,yes,11 minutes ago
183.89.186.153,8080,TH,Thailand,transparent,no,no,11 minutes ago
162.243.108.129,3128,US,United States,anonymous,no,no,11 minutes ago
117.197.99.116,80,IN,India,anonymous,no,no,11 minutes ago
81.252.38.12,8080,FR,France,elite proxy,no,no,11 minutes ago
95.28.237.61,8080,RU,Russian Federation,transparent,no,no,11 minutes ago
103.15.242.217,47424,ID,Indonesia,elite proxy,no,no,11 minutes ago
170.254.150.166,80,BR,Brazil,elite proxy,no,no,11 minutes ago
95.143.8.182,57169,RU,Russian Federation,elite proxy,no,yes,11 minutes ago
186.251.95.155,8080,BR,Brazil,transparent,no,no,11 minutes ago
217.219.61.6,8080,IR,Iran,elite proxy,no,yes,11 minutes ago
36.89.180.103,61867,ID,Indonesia,transparent,no,no,11 minutes ago
36.90.123.166,8181,ID,Indonesia,transparent,no,no,12 minutes ago
103.12.160.200,53281,KH,Cambodia,transparent,no,no,14 minutes ago
185.61.92.207,35847,RU,Russian Federation,transparent,no,no,14 minutes ago
94.182.226.29,8080,IR,Iran,transparent,no,no,14 minutes ago
45.64.99.25,8080,ID,Indonesia,transparent,no,no,17 minutes ago
185.74.38.233,41258,IT,Italy,transparent,no,no,19 minutes ago
52.156.59.213,3128,JP,Japan,elite proxy,no,no,20 minutes ago
110.36.232.242,49850,PK,Pakistan,elite proxy,no,no,20 minutes ago
173.192.128.238,25,US,United States,elite proxy,no,no,20 minutes ago
103.106.238.230,50941,BD,Bangladesh,elite proxy,no,no,20 minutes ago
156.0.229.194,40956,ZA,South Africa,elite proxy,no,no,20 minutes ago
169.57.1.84,8123,MX,Mexico,elite proxy,no,no,20 minutes ago
203.160.190.250,61161,PH,Philippines,elite proxy,no,no,20 minutes ago
46.49.121.187,52101,GE,Georgia,elite proxy,no,no,20 minutes ago
200.52.141.162,53281,MX,Mexico,elite proxy,no,yes,20 minutes ago
152.44.32.143,80,US,United States,transparent,no,no,21 minutes ago
103.250.153.242,31382,IN,India,elite proxy,no,no,21 minutes ago
203.202.254.206,32938,BD,Bangladesh,elite proxy,no,no,21 minutes ago
139.255.96.133,53281,ID,Indonesia,elite proxy,no,no,21 minutes ago
37.210.84.111,8080,QA,Qatar,elite proxy,no,no,21 minutes ago
89.237.32.129,37647,RU,Russian Federation,transparent,no,no,21 minutes ago
46.151.108.6,30874,RU,Russian Federation,elite proxy,no,yes,21 minutes ago
36.89.187.193,61640,ID,Indonesia,elite proxy,no,no,21 minutes ago
175.106.10.226,52719,ID,Indonesia,elite proxy,no,no,21 minutes ago
94.230.158.37,42057,CZ,Czech Republic,elite proxy,no,no,21 minutes ago
103.194.192.29,31937,IN,India,elite proxy,no,yes,21 minutes ago
176.32.177.30,40910,RU,Russian Federation,transparent,no,no,21 minutes ago
36.89.192.119,52313,ID,Indonesia,elite proxy,no,yes,21 minutes ago
37.220.195.14,53281,HU,Hungary,elite proxy,no,no,22 minutes ago
190.12.95.170,31260,PE,Peru,elite proxy,no,no,22 minutes ago
123.49.49.166,23500,BD,Bangladesh,elite proxy,no,yes,22 minutes ago
95.165.163.188,60103,RU,Russian Federation,elite proxy,no,no,22 minutes ago
217.219.31.210,44791,IR,Iran,elite proxy,no,no,22 minutes ago
150.109.32.166,80,HK,Hong Kong,anonymous,no,no,22 minutes ago
147.78.160.10,8080,AL,Albania,anonymous,no,no,22 minutes ago
103.216.82.29,6666,IN,India,elite proxy,no,no,22 minutes ago
202.55.169.147,3128,ID,Indonesia,transparent,no,no,22 minutes ago
191.5.0.79,53281,BR,Brazil,elite proxy,no,yes,22 minutes ago
190.57.169.174,46776,EC,Ecuador,elite proxy,no,no,22 minutes ago
178.63.246.82,8118,DE,Germany,elite proxy,no,no,22 minutes ago
186.0.89.254,53227,CO,Colombia,elite proxy,no,no,22 minutes ago
41.58.162.46,34794,NG,Nigeria,elite proxy,no,no,22 minutes ago
190.152.223.2,37994,EC,Ecuador,elite proxy,no,yes,22 minutes ago
125.227.40.190,8080,TW,Taiwan,anonymous,no,yes,22 minutes ago
144.217.101.242,3129,CA,Canada,elite proxy,no,yes,22 minutes ago
111.92.164.242,33571,ID,Indonesia,elite proxy,no,no,22 minutes ago
188.6.164.138,55042,HU,Hungary,elite proxy,no,no,22 minutes ago
36.67.24.109,37641,ID,Indonesia,elite proxy,no,yes,22 minutes ago
61.238.21.177,80,HK,Hong Kong,anonymous,no,no,22 minutes ago
201.190.184.22,60692,AR,Argentina,elite proxy,no,no,23 minutes ago
181.196.145.106,50899,EC,Ecuador,elite proxy,no,no,23 minutes ago
113.23.138.182,8989,MY,Malaysia,transparent,no,no,23 minutes ago
185.204.208.78,8080,FR,France,elite proxy,no,no,23 minutes ago
180.232.123.251,3128,PH,Philippines,transparent,no,no,23 minutes ago
190.214.13.90,21776,EC,Ecuador,elite proxy,no,yes,23 minutes ago
45.226.48.101,60143,BR,Brazil,elite proxy,no,no,23 minutes ago
117.58.245.114,46021,BD,Bangladesh,elite proxy,no,yes,23 minutes ago
212.92.204.54,8080,HR,Croatia,transparent,no,no,23 minutes ago
34.225.47.147,80,US,United States,transparent,no,no,23 minutes ago
186.22.139.238,56346,AR,Argentina,elite proxy,no,yes,23 minutes ago
213.226.11.149,41878,BG,Bulgaria,elite proxy,no,no,23 minutes ago
200.108.183.2,8080,BR,Brazil,elite proxy,no,no,23 minutes ago
35.246.21.94,3128,US,United States,transparent,no,no,23 minutes ago
46.4.96.87,80,DE,Germany,anonymous,no,no,23 minutes ago
80.188.239.106,39271,CZ,Czech Republic,elite proxy,no,no,23 minutes ago
190.144.116.34,36742,CO,Colombia,elite proxy,no,no,23 minutes ago
103.115.116.17,31162,BD,Bangladesh,elite proxy,no,yes,23 minutes ago
177.139.176.242,65301,BR,Brazil,elite proxy,no,yes,23 minutes ago
186.159.3.49,41589,CO,Colombia,elite proxy,no,no,23 minutes ago
46.99.255.235,8080,AL,Albania,elite proxy,no,no,23 minutes ago
68.183.208.248,80,DE,Germany,anonymous,no,no,23 minutes ago
103.101.253.250,40796,BD,Bangladesh,elite proxy,no,yes,23 minutes ago
213.163.122.196,8080,ME,Montenegro,transparent,no,no,23 minutes ago
77.242.16.26,53281,AL,Albania,elite proxy,no,no,23 minutes ago
203.202.245.58,80,BD,Bangladesh,anonymous,no,no,23 minutes ago
186.228.60.210,3128,BR,Brazil,transparent,no,no,23 minutes ago
181.129.52.154,54351,CO,Colombia,elite proxy,no,yes,23 minutes ago
168.227.229.96,8888,BR,Brazil,elite proxy,no,no,23 minutes ago
36.82.194.135,8080,ID,Indonesia,transparent,no,no,23 minutes ago
95.179.196.104,80,GB,United Kingdom,anonymous,no,no,23 minutes ago
223.165.1.170,49171,BD,Bangladesh,elite proxy,no,yes,23 minutes ago
116.193.221.69,34328,BD,Bangladesh,elite proxy,no,no,23 minutes ago
81.17.131.61,8080,UA,Ukraine,transparent,no,no,23 minutes ago
45.7.132.89,999,CO,Colombia,transparent,no,no,23 minutes ago
185.134.23.198,80,GB,United Kingdom,anonymous,no,no,23 minutes ago
